{
  "\n": 0.0205094143748283,
  " ": 0.160916969180107,
  "!": 0.00154659047257155,
  "\"": 0.00011962578719249,
  "#": 1.06808738564723e-06,
  "$": 2.13617477129446e-06,
  "%": 1.06808738564723e-06,
  "\"": 0.0120181189849973,
  "(": 0.000101468300272245,
  ")": 0.000101468300272245,
  "*": 4.59277580375783e-05,
  ",": 0.0174076873809099,
  "-": 0.00287956348620355,
  ".": 0.0088565805926919,
  "/": 2.67021841864334e-05,
  "0": 2.56340972555336e-05,
  "1": 6.19490674580447e-05,
  "2": 9.61278601607773e-06,
  "3": 1.81574851012556e-05,
  "4": 9.61278601607773e-06,
  "5": 1.28170486277668e-05,
  "6": 8.54469908517785e-06,
  "7": 1.17489607873722e-05,
  "8": 1.06808738564723e-05,
  "9": 1.17489607873722e-05,
  ":": 0.000710278109181672,
  ";": 0.00282188691198826,
  "?": 0.00108304060995579,
  "@": 2.13617477129446e-06,
  "A": 0.00155620323494077,
  "B": 0.00149532232899219,
  "C": 0.000979436095803976,
  "D": 0.000729503692127764,
  "E": 0.00120053021237254,
  "F": 0.000699597236234695,
  "G": 0.000628035399131477,
  "H": 0.00144298607483506,
  "I": 0.00351293943822384,
  "J": 0.000406941282562912,
  "K": 7.69022881286219e-05,
  "L": 0.000645124760922045,
  "M": 0.00220239604823291,
  "N": 0.00139919447246939,
  "O": 0.00182429316919297,
  "P": 0.000472094601718709,
  "Q": 3.73830589524005e-05,
  "R": 0.000910010421648622,
  "S": 0.00160640338435769,
  "T": 0.00257729482837021,
  "U": 0.000265953742200509,
  "V": 0.000214685554965399,
  "W": 0.00106701930053532,
  "X": 0.000173030159203336,
  "Y": 0.000552201177924871,
  "Z": 1.06808738564723e-06,
  "[": 2.13617477129446e-06,
  "]": 2.13617477129446e-06,
  "_": 0.000243523914832622,
  "a": 0.0567218475043774,
  "b": 0.0107129160314798,
  "c": 0.016740133985877,
  "d": 0.0345611721277237,
  "e": 0.0925049111247063,
  "f": 0.0151529554277658,
  "g": 0.0157831273972988,
  "h": 0.0476164035499096,
  "i": 0.0484067872166634,
  "j": 0.000694256799761206,
  "k": 0.00667020538821816,
  "l": 0.0297964327037334,
  "m": 0.0175294503569603,
  "n": 0.0494866222143173,
  "o": 0.0560233183205128,
  "p": 0.0129206525161862,
  "q": 0.000713482382707298,
  "r": 0.0439443178474903,
  "s": 0.0431037321686745,
  "t": 0.0636142119765282,
  "u": 0.0202434603124857,
  "v": 0.00695858895778656,
  "w": 0.0172741767019033,
  "x": 0.000932440278120339,
  "y": 0.0149542912840843,
  "z": 0.000170893981703557
}
